github.com,276
qiita.com,32
eslint.org,26
speakerdeck.com,23
medium.com,21
shop.oreilly.com,18
www.2ality.com,18
blogs.msdn.com,18
hacks.mozilla.org,16
www.youtube.com,15
facebook.github.io,14
www.slideshare.net,11
blogs.windows.com,11
efcl.info,10
emberjs.com,9
nodejs.org,9
wiki.ecmascript.org,8
blog.chromium.org,8
blog.jquery.com,8
www.amazon.co.jp,8
gist.github.com,7
ponyfoo.com,7
www.sitepoint.com,7
dev.opera.com,7
blog.nodejs.org,7
www.amazon.com,7
developers.google.com,6
egghead.io,5
babeljs.io,5
updates.html5rocks.com,4
flowtype.org,4
blog.npmjs.org,4
www.mozilla.org,4
www.oreilly.co.jp,4
leanpub.com,4
blog.mgechev.com,3
davidwalsh.name,3
developer.telerik.com,3
www.webkit.org,3
blog.jetbrains.com,3
angularjs.blogspot.com,3
postd.cc,3
docs.google.com,3
strongloop.com,3
www.toptal.com,3
www.datchley.name,3
v8project.blogspot.com,3
www.packtpub.com,2
6to5.org,2
jxck.hatenablog.com,2
socket.io,2
azu.github.io,2
conf.reactjs.com,2
victorsavkin.com,2
tagtree.io,2
esdiscuss.org,2
pragprog.com,2
hail2u.net,2
www.w3.org,2
planetorion.org,2
blog.brackets.io,2
html5experts.jp,2
pouchdb.com,2
jlongster.com,2
browser.hatenablog.com,2
www.goodboydigital.com,2
yosuke-furukawa.hatenablog.com,2
css-tricks.com,2
blog.polymer-project.org,2
vuejs.org,2
jaysoo.ca,2
staltz.com,2
dev.modern.ie,2
www.mozilla.jp,2
www.smashingmagazine.com,2
v8project.blogspot.jp,2
angularjs.blogspot.jp,2
angularclass.com,2
www.apress.com,1
www.d-toybox.com,1
blog.teamtreehouse.com,1
benhowdle.im,1
blog.wercker.com,1
frontenddevweekly.curated.co,1
blog.h13i32maru.jp,1
bearcatjs.org,1
typescript.ninja,1
glenmaddern.com,1
tobyho.com,1
javascriptplayground.com,1
engineering.shapesecurity.com,1
blog.andyet.com,1
amp.ampersandjs.com,1
w3g.jp,1
esperantojs.org,1
grack.com,1
www.versioneye.com,1
ecomfe.github.io,1
nmi.jp,1
www.geedew.com,1
www.valhead.com,1
hyper-text.org,1
dietjs.com,1
blog.gospodarets.com,1
demo.agektmr.com,1
aurelia.io,1
wallabyjs.com,1
www.contractsjs.org,1
arasatasaygin.github.io,1
robots.thoughtbot.com,1
ramdajs.com,1
www.fluxible.io,1
coffeescript.org,1
martyjs.org,1
phantomjs.org,1
tryflow.org,1
techlife.cookpad.com,1
tympanus.net,1
noredinktech.tumblr.com,1
scala-lang.org,1
es6rocks.com,1
gridstylesheets.org,1
quickleft.com,1
www.telerik.com,1
tech.voyagegroup.com,1
ilikekillnerds.com,1
exploringjs.com,1
reapp.io,1
sebastianpontow.de,1
requirejs.org,1
engineering.flipboard.com,1
www.touchdevelop.com,1
h4writer.com,1
www.wearejh.com,1
blog.jqueryui.com,1
pixelhunter.me,1
varya.me,1
super-script.us,1
150217-html5sound.fnobi.com,1
aeflash.com,1
discuss.codemirror.net,1
www.knockmeout.net,1
ahomu.github.io,1
dm.gl,1
underscorejs.org,1
jxcore.io,1
www.michaelbromley.co.uk,1
validatejs.org,1
ledsun.hatenablog.com,1
d.hatena.ne.jp,1
helloworld.naver.com,1
flexboxin5.com,1
www.developereconomics.com,1
groups.google.com,1
www.jackcallister.com,1
shmck.com,1
www.barbarianmeetscoding.com,1
component.kitchen,1
lisperator.net,1
www.infoq.com,1
kenneth.io,1
x-team.github.io,1
artur.co,1
jankfree.org,1
saneyukis.hatenablog.com,1
jqueryuk.com,1
gethamsa.com,1
liginc.co.jp,1
packagequality.com,1
news.dartlang.org,1
h3manth.com,1
semver.npmjs.com,1
es6-features.org,1
dackdive.hateblo.jp,1
www.isaacsukin.com,1
www.muicss.com,1
ejohn.org,1
developer.mozilla.org,1
webrxjs.org,1
mattdesl.svbtle.com,1
www.rq.crockford.com,1
ahmadnassri.github.io,1
esweekly.com,1
semaphoreci.com,1
t3js.org,1
momdo.github.io,1
fluentconf.com,1
zsolt-nagy.github.io,1
elijahmanor.github.io,1
shaunlebron.github.io,1
latentflip.com,1
blog.anatoo.jp,1
sassbreak.com,1
code.visualstudio.com,1
nexts.github.io,1
www.rich-harris.co.uk,1
vorlonjs.com,1
esdoc.org,1
cyokodog.github.io,1
front-end-dev-weekly-jp.github.io,1
blog.algolia.com,1
rileyjshaw.com,1
segment.com,1
magazine.rubyist.net,1
backbonejs.org,1
stateofwebtype.com,1
quenchjs.com,1
searchengineland.com,1
brianium.github.io,1
mrale.ph,1
codemix.com,1
shimz.me,1
webdriver.io,1
symdiff.github.io,1
famous.org,1
roost.bocoup.com,1
wp-p.info,1
plainjs.com,1
emberweekend.com,1
www.polymer-project.org,1
googledevelopers.blogspot.com,1
apistudio.io,1
akabeko.me,1
motemen.hatenablog.com,1
cssnext.io,1
mmckegg.github.io,1
msdn.microsoft.com,1
verifyjs.com,1
www.ibm.com,1
bitsofco.de,1
developer.apple.com,1
www.amazon.it,1
dareid.github.io,1
simonsmith.io,1
weaver.js.org,1
www.linuxfoundation.org,1
www.javascript.com,1
brendaneich.com,1
jslive.com,1
news.qooxdoo.org,1
customelements.io,1
svgontheweb.com,1
techlog.voyagegroup.com,1
html5test.com,1
blog.keithcirkel.co.uk,1
www.wavesurfer.fm,1
js.studio-kingdom.com,1
www.walkercoderanger.com,1
www.frontend.tv,1
yahoo.github.io,1
twitter.com,1
blog.mozilla.org,1
aerotwist.com,1
validator.w3.org,1
www.jsbreakouts.org,1
cyclejs.github.io,1
jshint.com,1
www.reindex.io,1
webglstudio.org,1
kaye.us,1
blog.yuhiisk.com,1
code.tutsplus.com,1
antjanus.com,1
ccoenraets.github.io,1
samsung.github.io,1
blittle.github.io,1
www.alprosys.com,1
www.cyberagent.co.jp,1
nylas.com,1
bevacqua.github.io,1
mithril-ja.js.org,1
www.sitepen.com,1
havelog.ayumusato.com,1
azimi.me,1
webrtc-security.github.io,1
blog.lauritz.me,1
webcomponentsweekly.me,1
basarat.gitbooks.io,1
www.scsk.jp,1
rreverser.com,1
perf.rocks,1
mdast.js.org,1
designingforperformance.com,1
www.tejitak.com,1
mozillazine.jp,1
netflix.github.io,1
umaar.com,1
blog.kyanny.me,1
blog.getbootstrap.com,1
stylelint.io,1
vegibit.com,1
news.js.org,1
survivejs.com,1
unformedbuilding.com,1
thimble.mozilla.org,1
ditam.github.io,1
substance.io,1
www.talater.com,1
modernizr.com,1
benmccormick.org,1
teropa.info,1
lealog.hateblo.jp,1
jsrocks.org,1
blog.koba04.com,1
doc.esdoc.org,1
sassdoc.com,1
blog.stevenlevithan.com,1
kenju.github.io,1
tangiblejs.com,1
zenorocha.github.io,1
runemadsen.github.io,1
yahooeng.tumblr.com,1
documentation.js.org,1
blog.videojs.com,1
r7kamura.hatenablog.com,1
www.ampproject.org,1
jsfeatures.in,1
www.mancy-re.pl,1
blog.risingstack.com,1
codewords.recurse.com,1
www.gitbook.com,1
yoshiko-pg.github.io,1
imaya.blog.jp,1
a11yproject.com,1
rollupjs.org,1
nolanlawson.com,1
pirosikick.github.io,1
www.nczonline.net,1
blog.evanyou.me,1
www.oreilly.com,1
bluebirdjs.com,1
swizec.com,1
reactcheatsheet.com,1
blog.bitovi.com,1
amasad.me,1
perfectionkills.com,1
devtoolschallenger.com,1
dropbox.github.io,1
npmcdn.com,1
auth0.com,1
www.nealjs.com,1
viewsourceconf.org,1
blog.kinoma.com,1
people.mozilla.org,1
casualjavascript.com,1
javascriptair.com,1
plot.ly,1
allyjs.io,1
www.pocketjavascript.com,1
www.igvita.com,1
waka.github.io,1
www.slant.co,1
mojs.io,1
phinajs.com,1
webtorrent.io,1
flexboxfroggy.com,1
blog.mmmcorp.co.jp,1
takenspc.hatenablog.com,1
platform-status.mozilla.org,1
greenkeeper.io,1
yutapon.hatenablog.com,1
khaos.io,1
js-next.hatenablog.com,1
24ways.org,1
riteshkr.com,1
robotlolita.me,1
danoc.me,1
calendar.perfplanet.com,1
webkit.org,1
aframe.io,1
alpha.mixi.co.jp,1
wesbos.com,1
smart.ataglance.jp,1
serviceworke.rs,1
inside.pixiv.net,1
justinfagnani.com,1
cspvalidator.org,1
www.adventar.org,1
wasm.news,1
krasimirtsonev.com,1
jamesknelson.com,1
mostafa-samir.github.io,1